id;hike_date;komoot_map;description_1;description_2;train_connection;image_data;image_blob;image_blob_content_type
1;2023-03-30;Dong B2B;leverage;Brand evolve invoice;Garden Administrator;Nebraska sexy;../fake-data/blob/hipster.png;image/png
2;2023-03-30;Loan Shirt Computers;multi-state;input Cambridgeshire Personal;Wisconsin PCI Avon;feed;../fake-data/blob/hipster.png;image/png
3;2023-03-29;portals value-added;drive Loan circuit;Kids Territory Granite;utilize Korea Planner;Strategist Security cross-platform;../fake-data/blob/hipster.png;image/png
4;2023-03-30;AGP Corporate archive;RSS;Implemented synergistic Ergonomic;Account haptic invoice;Connecticut leverage orange;../fake-data/blob/hipster.png;image/png
5;2023-03-29;alarm Soap;Manager mobile;Bolivia;Avon front-end Handcrafted;driver Keyboard;../fake-data/blob/hipster.png;image/png
6;2023-03-30;red Manager application;Frozen copy Frozen;invoice;Awesome;foreground online;../fake-data/blob/hipster.png;image/png
7;2023-03-30;matrix withdrawal Account;Bedfordshire Health scale;Granite;Cambridgeshire Wooden Optimization;Michigan Mozambique;../fake-data/blob/hipster.png;image/png
8;2023-03-29;Intelligent Identity Plastic;bypass;Republic Liaison Clothing;Bond Integrated access;Account Persistent;../fake-data/blob/hipster.png;image/png
9;2023-03-30;plug-and-play firmware Shoes;Shoes CSS deposit;primary Bahrain;Tennessee Saint Loan;Georgia Plastic;../fake-data/blob/hipster.png;image/png
10;2023-03-29;Baby Cambridgeshire;User-centric;Krona Account;Real asymmetric Card;functionalities;../fake-data/blob/hipster.png;image/png
